[
        {
            "ID": "1",
            "Name": "MFG"
        },
        {
            "ID": "2",
            "Name": "DIR MAT"
        },
        {
            "ID": "3",
            "Name": "ENG"
        },
        {
            "ID": "4",
            "Name": "ODL"
        },
        {
            "ID": "5",
            "Name": "MFG_SUP"
        },
        {
            "ID": "6",
            "Name": "PRD"
        },
        {
            "ID": "7",
            "Name": "EDP"
        },
        {
            "ID": "8",
            "Name": "TRAVEL"
        }
    ]