[{"Security Classification":"UNCLASSIFIED","Proprietary Statement":"FOUO","Program Name":"Fakification Airship","Phase or Milestone ID":"B","Prime Mission Product":"NA","Commodity Type":"Aircraft","Reporting Organization/Organization Name":"Fake Data Corp","Reporting Organization/Division Name":"NA","Reporting Organization/CAGE Code":"NA","Reporting Organization/Location/Street":"NA","Reporting Organization/Location/City":"New York","Reporting Organization/Location/State":"New York","Reporting Organization/Location/Zip Code":"11930","Reporting Organization/Location/Country":"Westchester","Approved Plan Number":"AA-11-A-A1","Approved Plan Revision Number":"NA","Customer Name":"NA","Contract Type ID":"NA","Contract Price":"12000000","Contract Ceiling":"124000000","Contract Number":"NA","Period of Performance/Start Date":"40920","Period of Performance/End Date":"42125","Report Cycle ID":"Initial","Submission Event/Number":"0","Submission Event/Name":"NA","Submission Event/Is Wildcard":"FALSE","Resubmission Number":"0","Report As Of":"NA","Point of Contact/Name":"NA","Point of Contact/Department":"NA","Point of Contact/Telephone Number":"NA","Point of Contact/Email Address":"NA","Date Prepared":"NA","Report Period ID":"28"}]
