{
    "SecurityClassification": "UNCLASSIFIED",
    "ProprietaryStatement": "FOUO",
    "ProgramName": "Fakification Airship",
    "PhaseOrMilestoneID": "B",
    "PrimeMissionProduct": "Airship",
    "CommodityType": "Aircraft",
    "ReportingOrganization_OrganizationName": "Fake Data Corp",
    "ReportingOrganization_DivisionName": "NA",
    "ReportingOrganization_CageCode": "1234A",
    "ReportingOrganization_Location_Street": "1 Imainary Lane",
    "ReportingOrganization_Location_City": "Utopia City",
    "ReportingOrganization_Location_State": "California",
    "ReportingOrganization_Location_ZipCode": "12345",
    "ReportingOrganization_Location_Country": "USA",
    "ApprovedPlanNumber": "AA-11-A-A1",
    "CustomerName": "NA",
    "ContractTypeID": "CPIF",
    "ContractPrice": 10000000,
    "ContractCeiling": 1230000,
    "ContractNumber": "AA11229-10-C-0001",
    "PeriodOfPerformance_StartDate": "1999-12-31",
    "PeriodOfPerformance_EndDate": "1999-12-31",
    "ReportCycleID": "INITIAL",
    "SubmissionEvent_Number": 1,
    "SubmissionEvent_Name": "NA",
    "ReportAsOf": "1999-12-31",
    "PointOfContact_Name": "NA",
    "PointOfContact_Department": "Contracting",
    "PointOfContact_TelephoneNumber": "(111) 123-4444",
    "PointOfContact_EmailAddress": "NA",
    "DatePrepared": "1999-12-31",
    "ReportingPeriodID": 1
}
