[
        {
            "Order or Lot ID": "1",
            "Subtotal_TD": "916,998,432",
            "Subtotal_AC": "0",
            "GA_TD": "0",
            "GA_AC": "0",
            "UB": "0",
            "MR": "0",
            "FCCM_TD": "0",
            "FCCM_AC": "0",
            "Fee_TD": "0",
            "Fee_AC": "0",
            "Price_TD": "0",
            "Price_AC": "0"
        },
        {
            "Order or Lot ID": "2",
            "Subtotal_TD": "454,677,869",
            "Subtotal_AC": "0",
            "GA_TD": "0",
            "GA_AC": "0",
            "UB": "0",
            "MR": "0",
            "FCCM_TD": "0",
            "FCCM_AC": "0",
            "Fee_TD": "0",
            "Fee_AC": "0",
            "Price_TD": "0",
            "Price_AC": "0"
        }
    ]
