[
        {
            "ID": "1",
            "EndItemID": "1",
            "FirstUnitNumber": 3,
            "LastUnitNumber": 14,
            "OrderOrLotID": "1"
        },
        {
            "ID": "2",
            "EndItemID": "2",
            "FirstUnitNumber": 5,
            "LastUnitNumber": 11,
            "OrderOrLotID": "1"
        },
        {
            "ID": "3",
            "EndItemID": "1",
            "FirstUnitNumber": 15,
            "LastUnitNumber": 32,
            "OrderOrLotID": "2"
        },
        {
            "ID": "4",
            "EndItemID": "1",
            "FirstUnitNumber": 3,
            "LastUnitNumber": 14,
            "OrderOrLotID": "2"
        },
        {
            "ID": "5",
            "EndItemID": "2",
            "FirstUnitNumber": 12,
            "LastUnitNumber": 24,
            "OrderOrLotID": "2"
        },
        {
            "ID": "6",
            "EndItemID": "2",
            "FirstUnitNumber": 5,
            "LastUnitNumber": 11,
            "OrderOrLotID": "2"
        }
    ]
