[
        {
            "ID": "1",
            "End Item ID": "1",
            "First Unit Number": "3",
            "Last Unit Number": "14",
            "Order or Lot ID": "1"
        },
        {
            "ID": "2",
            "End Item ID": "2",
            "First Unit Number": "5",
            "Last Unit Number": "11",
            "Order or Lot ID": "1"
        },
        {
            "ID": "3",
            "End Item ID": "1",
            "First Unit Number": "15",
            "Last Unit Number": "32",
            "Order or Lot ID": "2"
        },
        {
            "ID": "4",
            "End Item ID": "1",
            "First Unit Number": "3",
            "Last Unit Number": "14",
            "Order or Lot ID": "2"
        },
        {
            "ID": "5",
            "End Item ID": "2",
            "First Unit Number": "12",
            "Last Unit Number": "24",
            "Order or Lot ID": "2"
        },
        {
            "ID": "6",
            "End Item ID": "2",
            "First Unit Number": "5",
            "Last Unit Number": "11",
            "Order or Lot ID": "2"
        }
    ]
