[
        {
            "OrderOrLotID": "1",
            "WBSElementID": "1.1.1.2",
            "Test": "Any clarifying remarks for WBS element 1.1.1.2 for LRIP 1 will be entered here"
        },
        {
            "OrderOrLotID": "1",
            "WBSElementID": "1.1.1.3",
            "Test": "Any clarifying remarks for WBS element 1.1.1.3 for LRIP 1 will be entered here"
        },
        {
            "OrderOrLotID": "1",
            "WBSElementID": "1.1.1.4",
            "Test": "Any clarifying remarks for WBS element 1.1.1.4 for LRIP 1 will be entered here"
        },
        {
            "OrderOrLotID": "1",
            "WBSElementID": "1.1.1.5",
            "Test": "Any clarifying remarks for WBS element 1.1.1.5 for LRIP 1 will be entered here"
        },
        {
            "OrderOrLotID": "1",
            "WBSElementID": "1.1.12",
            "Test": "Any clarifying remarks for WBS element 1.1.12 for LRIP 1 will be entered here"
        },
        {
            "OrderOrLotID": "1",
            "WBSElementID": "1.1.2",
            "Test": "Any clarifying remarks for WBS element 1.1.2 for LRIP 1 will be entered here"
        },
        {
            "OrderOrLotID": "1",
            "WBSElementID": "1.1.3.1",
            "Test": "Any clarifying remarks for WBS element 1.1.3.1 for LRIP 1 will be entered here"
        },
        {
            "OrderOrLotID": "1",
            "WBSElementID": "1.1.3.2.2",
            "Test": "Any clarifying remarks for WBS element 1.1.3.2.2 for LRIP 1 will be entered here"
        },
        {
            "OrderOrLotID": "1",
            "WBSElementID": "1.1.3.2.3.1",
            "Test": "Any clarifying remarks for WBS element 1.1.3.2.3.1 for LRIP 1 will be entered here"
        },
        {
            "OrderOrLotID": "1",
            "WBSElementID": "1.1.3.2.3.2",
            "Test": "Any clarifying remarks for WBS element 1.1.3.2.3.2 for LRIP 1 will be entered here"
        },
        {
            "OrderOrLotID": "1",
            "WBSElementID": "1.1.3.2.4.1",
            "Test": "Any clarifying remarks for WBS element 1.1.3.2.4.1 for LRIP 1 will be entered here"
        },
        {
            "OrderOrLotID": "1",
            "WBSElementID": "1.1.3.2.4.2",
            "Test": "Any clarifying remarks for WBS element 1.1.3.2.4.2 for LRIP 1 will be entered here"
        },
        {
            "OrderOrLotID": "1",
            "WBSElementID": "1.1.8.1",
            "Test": "Any clarifying remarks for WBS element 1.1.8.1 for LRIP 1 will be entered here"
        },
        {
            "OrderOrLotID": "1",
            "WBSElementID": "1.1.9",
            "Test": "Any clarifying remarks for WBS element 1.1.9 for LRIP 1 will be entered here"
        },
        {
            "OrderOrLotID": "1",
            "WBSElementID": "1.11",
            "Test": "Any clarifying remarks for WBS element 1.11 for LRIP 1 will be entered here"
        },
        {
            "OrderOrLotID": "1",
            "WBSElementID": "1.2",
            "Test": "Any clarifying remarks for WBS element 1.2 for LRIP 1 will be entered here"
        },
        {
            "OrderOrLotID": "1",
            "WBSElementID": "1.3",
            "Test": "Any clarifying remarks for WBS element 1.3 for LRIP 1 will be entered here"
        },
        {
            "OrderOrLotID": "1",
            "WBSElementID": "1.4",
            "Test": "Any clarifying remarks for WBS element 1.4 for LRIP 1 will be entered here"
        },
        {
            "OrderOrLotID": "1",
            "WBSElementID": "1.5",
            "Test": "Any clarifying remarks for WBS element 1.5 for LRIP 1 will be entered here"
        },
        {
            "OrderOrLotID": "2",
            "WBSElementID": "1.1.1.2",
            "Test": "Any clarifying remarks for WBS element 1.1.1.2 for LRIP 2 will be entered here"
        },
        {
            "OrderOrLotID": "2",
            "WBSElementID": "1.1.1.3",
            "Test": "Any clarifying remarks for WBS element 1.1.1.3 for LRIP 2 will be entered here"
        },
        {
            "OrderOrLotID": "2",
            "WBSElementID": "1.1.1.4",
            "Test": "Any clarifying remarks for WBS element 1.1.1.4 for LRIP 2 will be entered here"
        },
        {
            "OrderOrLotID": "2",
            "WBSElementID": "1.1.1.5",
            "Test": "Any clarifying remarks for WBS element 1.1.1.5 for LRIP 2 will be entered here"
        },
        {
            "OrderOrLotID": "2",
            "WBSElementID": "1.1.12",
            "Test": "Any clarifying remarks for WBS element 1.1.12 for LRIP 2 will be entered here"
        },
        {
            "OrderOrLotID": "2",
            "WBSElementID": "1.1.2",
            "Test": "Any clarifying remarks for WBS element 1.1.2 for LRIP 2 will be entered here"
        },
        {
            "OrderOrLotID": "2",
            "WBSElementID": "1.1.3.1",
            "Test": "Any clarifying remarks for WBS element 1.1.3.1 for LRIP 2 will be entered here"
        },
        {
            "OrderOrLotID": "2",
            "WBSElementID": "1.1.3.2.2",
            "Test": "Any clarifying remarks for WBS element 1.1.3.2.2 for LRIP 2 will be entered here"
        },
        {
            "OrderOrLotID": "2",
            "WBSElementID": "1.1.9",
            "Test": "Any clarifying remarks for WBS element 1.1.9 for LRIP 2 will be entered here"
        },
        {
            "OrderOrLotID": "2",
            "WBSElementID": "1.11",
            "Test": "Any clarifying remarks for WBS element 1.11 for LRIP 2 will be entered here"
        },
        {
            "OrderOrLotID": "2",
            "WBSElementID": "1.2",
            "Test": "Any clarifying remarks for WBS element 1.2 for LRIP 2 will be entered here"
        },
        {
            "OrderOrLotID": "2",
            "WBSElementID": "1.3",
            "Test": "Any clarifying remarks for WBS element 1.3 for LRIP 2 will be entered here"
        },
        {
            "OrderOrLotID": "2",
            "WBSElementID": "1.4",
            "Test": "Any clarifying remarks for WBS element 1.4 for LRIP 2 will be entered here"
        },
        {
            "OrderOrLotID": "2",
            "WBSElementID": "1.5",
            "Test": "Any clarifying remarks for WBS element 1.5 for LRIP 2 will be entered here"
        }
    ]