[
    {
        "ID": "1",
        "Name": "LRIP 1",
        "PhaseOrMilestoneID": "A",
        "ContractTypeID": "CPIF",
        "ContractPrice": 12000000,
        "PeriodOfPerformance_StartDate": "2012-01-01",
        "PeriodOfPerformance_EndDate": "2014-12-31"
    },
    {
        "ID": "2",
        "Name": "LRIP 2",
        "PhaseOrMilestoneID": "A",
        "ContractTypeID": "CPIF",
        "ContractPrice": 12000000,
        "PeriodOfPerformance_StartDate": "2012-01-01",
        "PeriodOfPerformance_EndDate": "2014-12-31"
    }
]